Bénéficiaires,2015,2016,2017,2018,2019,2020,2021,total
LIBERATION,5099910.0,4887544.0,4738019.0,4450177.0,4181332.0,4102802.0,4998785.0,32458569.0
LA CROIX,,4117522.0,4392565.0,4062117.0,4049584.0,4116294.0,4643306.0,25381388.0
L'HUMANITE,3321775.0,,,3310904.0,3305587.0,3508979.0,4599046.0,18046291.0
L'OPINION,,,2305216.0,1885405.0,1827030.0,1881798.0,2050644.0,9950093.0
PRESSE OCEAN,1341811.0,1314152.0,1304342.0,1139140.0,1036031.0,1156699.0,1223485.0,8515660.0
LA REPUBLIQUE DES PYRENEES,997403.0,,1144201.0,1071944.0,1033159.0,1128523.0,1217675.0,6592905.0
LE JOURNAL DE LA HAUTE MARNE,1190406.0,,1072400.0,985389.0,904614.0,985216.0,1212351.0,6350376.0
LE DAUPHINE LIBERE,764415.0,,1449143.0,1262320.0,,1321979.0,1425276.0,6223133.0
LA PRESSE DE LA MANCHE,832802.0,853755.0,918057.0,893307.0,793170.0,865282.0,932543.0,6088916.0
SUD OUEST,1139971.0,634792.0,758271.0,769820.0,,550810.0,2148410.0,6002074.0
OUEST- FRANCE / ouest-france.fr,,5787718.0,,,,,,5787718.0
OUEST France,,,,2983032.0,2601053.0,,,5584085.0
LE MONDE,,,1903249.0,766803.0,597649.0,942820.0,1177135.0,5387656.0
LE FIGARO / lefigaro.fr,2407156.0,,2195972.0,,,,,4603128.0
OUEST-FRANCE / ouest-France.fr,,,4476986.0,,,,,4476986.0
LA CROIX / la-croix.com,4196805.0,,,,,,,4196805.0
LA MONTAGNE,504429.0,453986.0,743969.0,511146.0,486921.0,890644.0,577133.0,4168228.0
LE PARISIEN,959736.0,863762.0,1647488.0,651022.0,,,,4122008.0
L'EQUIPE,1260481.0,,1212716.0,855028.0,666412.0,,,3994637.0
OUEST FRANCE,3989248.0,,,,,,,3989248.0
CENTRE PRESSE AVEYRON,590092.0,568827.0,620018.0,562554.0,488156.0,528315.0,564112.0,3922074.0
L'HUMANITE / humanite.fr,,,3910850.0,,,,,3910850.0
LES DERNIERES NOUVELLES D'ALSACE,381902.0,,1679058.0,1153806.0,,271301.0,292500.0,3778567.0
LA VOIX DU NORD,664515.0,647730.0,508487.0,520462.0,405650.0,445958.0,480805.0,3673607.0
LA PROVENCE,453580.0,359419.0,595323.0,672868.0,260872.0,857907.0,374588.0,3574557.0
LA DEPECHE DU MIDI,821050.0,,1186883.0,429578.0,,368085.0,604297.0,3409893.0
L’HUMANITÉ / humanite.fr,,3399647.0,,,,,,3399647.0
LE COURRIER DE L'OUEST,478725.0,430853.0,984602.0,397432.0,309760.0,431478.0,309056.0,3341906.0
LE MONDE / lemonde.fr,1586963.0,1700074.0,,,,,,3287037.0
LE PROGRES,,,1006833.0,1068865.0,,591114.0,521430.0,3188242.0
LES ECHOS,,245511.0,829782.0,249916.0,238072.0,261728.0,1355714.0,3180723.0
L'EST REPUBLICAIN,877593.0,,710851.0,595302.0,,510085.0,451804.0,3145635.0
LA MARSEILLAISE,693992.0,633074.0,574962.0,486414.0,,386931.0,308774.0,3084147.0
LE PARISIEN / leparisien.fr,,,,,811223.0,639111.0,1623113.0,3073447.0
OUEST-France,,,,,,2781350.0,,2781350.0
LE FIGARO - et suppléments,,,,,,,2698435.0,2698435.0
LA NOUVELLE REPUBLIQUE DU CENTRE OUEST,629993.0,,634740.0,,715953.0,649961.0,,2630647.0
NORD LITTORAL,375246.0,389509.0,410624.0,373088.0,323215.0,352664.0,391440.0,2615786.0
MARIANNE,250628.0,,470861.0,284802.0,290775.0,293804.0,996737.0,2587607.0
LE TELEGRAMME,,,,,,1928080.0,461529.0,2389609.0
OUEST- France,,,,,,,2381323.0,2381323.0
LE MIDI LIBRE,579733.0,,440748.0,369104.0,287681.0,258764.0,278983.0,2215013.0
LE POINT,219387.0,,292951.0,266332.0,,171993.0,1185274.0,2135937.0
LE FIGARO / figaro.fr,,2128974.0,,,,,,2128974.0
LA NOUVELLE REPUBLIQUE DES PYRENEES,348669.0,,364544.0,335916.0,324191.0,353718.0,381900.0,2108938.0
LE FIGARO,,,,811429.0,632432.0,568861.0,,2012722.0
COURRIER INTERNATIONAL,260899.0,311139.0,294944.0,284802.0,,325820.0,467839.0,1945443.0
LE MONDE DIPLOMATIQUE,,352106.0,304023.0,278657.0,284839.0,293804.0,304098.0,1817527.0
FAMILLE CHRETIENNE,250628.0,353460.0,281604.0,284802.0,,293804.0,303143.0,1767441.0
PARIS MATCH,384126.0,,480946.0,464628.0,362134.0,,,1691834.0
VSD,250628.0,300060.0,281604.0,284801.0,290775.0,143685.0,121853.0,1673406.0
PARIS NORMANDIE,88870.0,,127288.0,155028.0,577872.0,369513.0,327579.0,1646150.0
L'ECLAIR PYRENEES,259112.0,,272174.0,251762.0,238819.0,258435.0,276987.0,1557289.0
L'OBS,390418.0,,318225.0,250115.0,194940.0,209159.0,183646.0,1546503.0
LA VIE,250628.0,,350720.0,284802.0,290775.0,293804.0,,1470729.0
MARIANNE / marianne.net,,1454647.0,,,,,,1454647.0
L'ECHO DE LA HAUTE VIENNE,696905.0,,747226.0,,,,,1444131.0
LE MAINE LIBRE,228865.0,205979.0,425694.0,155247.0,121001.0,133024.0,143418.0,1413228.0
DAUPHINE LIBERE / Ledauphine.com,,,,,1402232.0,,,1402232.0
SUD OUEST / Sudouest.fr,,,,,1373111.0,,,1373111.0
ALTERNATIVES ECONOMIQUES,167233.0,264394.0,187029.0,177003.0,155844.0,160286.0,250208.0,1361997.0
L'ECHO HAUTE VIENNE,,,,747915.0,606645.0,,,1354560.0
LE TELEGRAMME /letelegramme.fr,,,1354251.0,,,,,1354251.0
NICE MATIN,204508.0,,522087.0,167181.0,152286.0,136978.0,147681.0,1330721.0
LIBERATION CHAMPAGNE,255158.0,,244022.0,211091.0,177852.0,193174.0,207132.0,1288429.0
LE PELERIN,250628.0,300060.0,,,,293804.0,432778.0,1277270.0
LE REPUBLICAIN LORRAIN,234076.0,,231736.0,237193.0,,248403.0,267813.0,1219221.0
SOCIETY,,165147.0,216955.0,233587.0,156526.0,215296.0,216285.0,1203796.0
LE TÉLÉGRAMME / letelegramme.fr,,1189901.0,,,,,,1189901.0
LE JOURNAL DE LA HAUTE-MARNE / JHM.fr,,1177318.0,,,,,,1177318.0
LE DAUPHINÉ LIBÉRÉ,,1170950.0,,,,,,1170950.0
CHARLIE HEBDO,,,281604.0,284802.0,,293804.0,304098.0,1164308.0
LE UN,117577.0,,,238149.0,248184.0,240906.0,303323.0,1148139.0
LE COURRIER PICARD,205875.0,185288.0,166759.0,170686.0,133034.0,146253.0,129012.0,1136907.0
L’EQUIPE,,1134433.0,,,,,,1134433.0
LE POPULAIRE DU CENTRE,66818.0,293271.0,246722.0,,240563.0,,285132.0,1132506.0
VAR MATIN,145625.0,,466625.0,124176.0,118291.0,130045.0,140207.0,1124969.0
POLITIS,151526.0,109221.0,167879.0,160340.0,153758.0,151423.0,225112.0,1119259.0
LE BERRY REPUBLICAIN,122685.0,,190067.0,194543.0,185323.0,203739.0,219659.0,1116016.0
LA REPUBLIQUE DU CENTRE,124506.0,,188295.0,192730.0,183596.0,201839.0,217610.0,1108576.0
LE PETIT BLEU D'AGEN,,,,283993.0,233673.0,256038.0,275343.0,1049047.0
LA RÉPUBLIQUE DES PYRÉNÉES,,1017849.0,,,,,,1017849.0
LE PROGRES / LES DEPECHES EDITION DU JURA / LA TRIBUNE,1017003.0,,,,,,,1017003.0
PRESENT,242364.0,218128.0,157562.0,141806.0,,130323.0,103021.0,993204.0
VOSGES MATIN,214955.0,193460.0,174114.0,145812.0,,124939.0,134702.0,987982.0
L'EXPRESS,,,,,82078.0,90234.0,811024.0,983336.0
L'EQUIPE - L'EQUIPE MAGAZINE,,,,,,,980805.0,980805.0
planet.fr,,292971.0,,,408166.0,,267994.0,969131.0
LES ECHOS / lesechos.fr,955929.0,,,,,,,955929.0
LE PROGRÈS - LES DEPECHES - LA TRIBUNE,,915303.0,,,,,,915303.0
L'ECHO REPUBLICAIN,224934.0,,182197.0,152581.0,118922.0,106968.0,94358.0,879960.0
PELERIN,,,281604.0,284802.0,290775.0,,,857181.0
LE POINT / lepoint.fr,,855302.0,,,,,,855302.0
LE TELEGRAMME / Letelegramme.fr,,,,,838007.0,,,838007.0
LE PROGRES / leprogres.fr,,,,,823431.0,,,823431.0
LES NOUVELLES CALEDONIENNES / lnc.nc,,,,,,373979.0,441873.0,815852.0
LE PETIT BLEU DE LOT ET GARONNE,248123.0,277707.0,279823.0,,,,,805653.0
LE TELEGRAMME / letelegramme.com,800454.0,,,,,,,800454.0
JEUNE AFRIQUE,220004.0,162644.0,415204.0,,,,,797852.0
JEUNE AFRIQUE / jeuneafrique.com,,,,,,796433.0,,796433.0
L'ALSACE,214373.0,,173642.0,145417.0,,124600.0,134336.0,792368.0
L’EST RÉPUBLICAIN,,789834.0,,,,,,789834.0
MIDI LIBRE,,767005.0,,,,,,767005.0
contexte.com,,191488.0,313690.0,,257098.0,,,762276.0
LE JOURNAL DU CENTRE,38791.0,94836.0,117615.0,119453.0,112778.0,123073.0,128265.0,734811.0
LA DORDOGNE LIBRE,93553.0,94876.0,101758.0,104170.0,98268.0,105894.0,120740.0,719259.0
LE QUOTIDIEN DE LA REUNION ET DE L'OCEAN INDIEN,,,43641.0,44669.0,42552.0,46780.0,530363.0,708005.0
L’ÉCHO DE LA HAUTE VIENNE,,707218.0,,,,,,707218.0
LE JOURNAL DU DIMANCHE,163824.0,,139223.0,116593.0,90872.0,81738.0,72102.0,664352.0
L’EXPRESS / lexpress.fr,,661285.0,,,,,,661285.0
LA DÉPÊCHE DU MIDI / ladepeche.fr,,648632.0,,,,,,648632.0
NOUVELLE REPUBLIQUE DU CENTRE OUEST,,,,,,,644562.0,644562.0
L'UNION - L'ARDENNAIS,,,118888.0,121688.0,115921.0,127440.0,137398.0,621335.0
PARIS-MATCH,,,,,,325732.0,287333.0,613065.0
CAUSETTE,,143090.0,122443.0,108917.0,90826.0,81177.0,64871.0,611324.0
L'EST ECLAIR,136441.0,,,138258.0,107760.0,118467.0,104501.0,605427.0
L'EST REPUBLICAIN / estrepublicain.fr,,,,,604042.0,,,604042.0
L'EQUIPE / L'EQUIPE MAGAZINE,,,,,,599426.0,,599426.0
LE JOURNAL DE SAONE ET LOIRE,96747.0,,95779.0,98035.0,93388.0,102668.0,110691.0,597308.0
1 JOUR 1 ACTU,49997.0,102792.0,127125.0,144250.0,157502.0,,,581666.0
20 Minutes / 20minutes.fr,,,,,,,577914.0,577914.0
PARIS-MATCH / parismatch.com,,559758.0,,,,,,559758.0
AUJOURD'HUI EN FRANCE,153860.0,138474.0,124627.0,,,73169.0,64543.0,554673.0
LA NOUVELLE REPUBLIQUE DU CENTRE OUEST / lanouvellerepublique.fr,,,,542971.0,,,,542971.0
LES NOUVELLES CALEDONIENNES,159040.0,143136.0,128822.0,107882.0,,,,538880.0
L'YONNE REPUBLICAINE,102514.0,,83037.0,84993.0,80964.0,89010.0,95965.0,536483.0
forbesfrance.fr,,535277.0,,,,,,535277.0
PHILOSOPHIE MAGAZINE,,106675.0,100314.0,92760.0,78377.0,80897.0,74743.0,533766.0
POPULAIRE DU CENTRE,,,,252532.0,,264467.0,,516999.0
LA MANCHE LIBRE,36738.0,38662.0,118415.0,203075.0,36530.0,38271.0,40438.0,512129.0
L'EXPRESS / lexpress.fr,373308.0,,,128043.0,,,,501351.0
LA CHARENTE LIBRE,67507.0,60756.0,66832.0,68407.0,147144.0,47957.0,42303.0,500906.0
LE TELEGRAMME LE TELEGRAMME DIMANCHE,,,,499598.0,,,,499598.0
LA MARSEILLAISE / Lamarseillaise.fr,,,,,473981.0,,,473981.0
LA NOUVELLE RÉPUBLIQUE DU CENTRE OUEST,,473700.0,,,,,,473700.0
TETU / tetu.com,,,,,,,472366.0,472366.0
LES INROCKUPTIBLES / lesinrocks.com,,,,,,464393.0,,464393.0
LE POINT / Lepoint.fr,,,,,457003.0,,,457003.0
LA DEPECHE DU MIDI / ladepeche.fr,,,,,456766.0,,,456766.0
CHARLIE HEBDO / charliehebdo.fr,,,,,455942.0,,,455942.0
LE BIEN PUBLIC,57112.0,62891.0,76167.0,77961.0,,81646.0,88026.0,443803.0
LE JOURNAL DE L'ILE DE LA REUNION,8356.0,,,,,0.0,429012.0,437368.0
LES DERNIERES NOUVELLES D'ALSACE / Dna.fr,,,,,435030.0,,,435030.0
SCIENCES HUMAINES,,,70377.0,73099.0,73157.0,67994.0,124860.0,409487.0
CORSE MATIN,89259.0,80333.0,72300.0,60548.0,,65670.0,37444.0,405554.0
L'INDEPENDANT,82610.0,,66914.0,68489.0,56664.0,62294.0,67161.0,404132.0
REFORME,54312.0,60103.0,57471.0,57956.0,57210.0,57357.0,56043.0,400452.0
L'EVEIL DE LA HAUTE LOIRE,49701.0,,65138.0,66672.0,63512.0,69823.0,75279.0,390125.0
L'UNION / L'ARDENNAIS,378439.0,,,,,,,378439.0
actu.fr,,,,,,,374969.0,374969.0
LE JOURNAL DU DIMANCHE / JDD.fr,,374756.0,,,,,,374756.0
LE COURRIER CAUCHOIS,36738.0,38662.0,36712.0,36537.0,36530.0,38271.0,147091.0,370541.0
LA NOUVELLE RÉPUBLIQUE DES PYRÉNÉES,,356329.0,,,,,,356329.0
LES DERNIÈRES NOUVELLES D'ALSACE,,343712.0,,,,,,343712.0
LE MESSAGER,27211.0,27017.0,23751.0,201753.0,21253.0,21133.0,20703.0,342821.0
20 MINUTES / 20minutes.fr,,,,,,338737.0,,338737.0
TEMOIGNAGE CHRETIEN,46196.0,51270.0,47780.0,77026.0,37963.0,38111.0,37412.0,335758.0
TELERAMA,101342.0,,,,5284.0,,227099.0,333725.0
L’OBS,,331847.0,,,,,,331847.0
LE REPUBLICAIN LORRAIN / republicain-lorrain.fr,,,,,331716.0,,,331716.0
FAMILLE CHRETIENNE / famillechretienne.fr,,,,,329647.0,,,329647.0
LE HAVRE PRESSE – PROGRES DE FECAMP,,312863.0,,,,,,312863.0
LA VIE / lavie.fr,,311724.0,,,,,,311724.0
CORSE MATIN / corsematin.com,,,,,309885.0,,,309885.0
LE HAVRE LIBRE,308921.0,,,,,,,308921.0
lagazettedescommunes.com,,,307140.0,,,,,307140.0
dossierfamilial.com,,,,,,,305903.0,305903.0
LE HAVRE LIBRE (*),,305744.0,,,,,,305744.0
LA VIE  -  Hebdomadaire chrétien d'actualité,,,,,,,304098.0,304098.0
aefinfo.fr,,,,,,,302487.0,302487.0
larevuedupraticien.fr,,,300999.0,,,,,300999.0
L'OBSERVATEUR,,,60597.0,104501.0,66410.0,68623.0,,300131.0
LUTTE OUVRIERE,39755.0,48174.0,43846.0,42434.0,42176.0,42380.0,40244.0,299009.0
LE HAVRE PRESSE,293580.0,,,,,,,293580.0
LE COURRIER INTERNATIONAL,,,,,290775.0,,,290775.0
LE 1 / le1hebdo.fr,,280808.0,,,,,,280808.0
lafranceagricole.fr,,,268994.0,,,5127.0,,274121.0
L’OPINION,,268120.0,,,,,,268120.0
SINE MENSUEL,32145.0,60303.0,42235.0,33974.0,33780.0,33930.0,26778.0,263145.0
NORD ECLAIR,49071.0,,48580.0,49724.0,38755.0,40008.0,35291.0,261429.0
HAVRE PRESSE - PROGRES DE FECAMP (*),,,260123.0,,,,,260123.0
L’ÉCLAIR PYRENEES,,256757.0,,,,,,256757.0
infochretienne.com,,,,,,,246836.0,246836.0
L'ECO,,,71340.0,73479.0,,52885.0,47849.0,245553.0
HAVRE LIBRE  (*),,,244449.0,,,,,244449.0
LA RÉPUBLIQUE DU CENTRE,,243025.0,,,,,,243025.0
pourleco.com,,,,,,,242804.0,242804.0
acteurspublics.com,,,241494.0,,,,,241494.0
LE MONDE DIPLOMATIQUE / monde-diplomatique.fr,234525.0,,,,,,,234525.0
L'AISNE NOUVELLE,41894.0,,41321.0,42294.0,32964.0,36240.0,39072.0,233785.0
L'AGE DE FAIRE,,50014.0,42252.0,33599.0,32805.0,34215.0,38565.0,231450.0
LIBÉRATION CHAMPAGNE,,231448.0,,,,,,231448.0
LA GAZETTE DE MONTPELLIER,23246.0,21595.0,20195.0,33756.0,75817.0,29135.0,27445.0,231189.0
LA FRANCE AGRICOLE / lafranceagricole.fr,224030.0,,,,,,,224030.0
FRANCE ANTILLES MARTINIQUE - martinique.franceantilles.fr,,,,,,,217091.0,217091.0
LE 1,,,216589.0,,,,,216589.0
FAKIR,12829.0,,18511.0,19535.0,60786.0,46754.0,56214.0,214629.0
MON QUOTIDIEN / monquotidien.fr,,,159796.0,53649.0,,,,213445.0
usbeketrica.com,,,211544.0,,,,,211544.0
science-et-vie.com,,,211200.0,,,,,211200.0
LE RÉPUBLICAIN LORRAIN,,210668.0,,,,,,210668.0
LE BERRY RÉPUBLICAIN,,202475.0,,,,,,202475.0
L’ÉCHO RÉPUBLICAIN,,202441.0,,,,,,202441.0
lerevenu.com,,,,,,,201329.0,201329.0
LA RENAISSANCE,16809.0,16604.0,6854.0,29603.0,8253.0,5496.0,116119.0,199738.0
UN JOUR UNE ACTU / 1jour1actu.com,,,,,,,198787.0,198787.0
LA TRIBUNE / latribune.fr,,,,,,195112.0,,195112.0
L’ALSACE,,192936.0,,,,,,192936.0
L'EXPRESS / express.fr,,,192012.0,,,,,192012.0
AUJOURD'HUI EN France,,,,104369.0,81346.0,,,185715.0
L'ALSACE / Lalsace.fr,,,,,184680.0,,,184680.0
OISE HEBDO,44217.0,33665.0,28813.0,21646.0,18758.0,17519.0,17048.0,181666.0
explicite.info,,,,179748.0,,,,179748.0
THE INTERNATIONAL NEW YORK TIMES (**),,,175633.0,,,,,175633.0
STRATEGIES / strategies.fr,,,,,,,174301.0,174301.0
CAUSETTE / causette.fr,172567.0,,,,,,,172567.0
L'ABEILLE DE LA TERNOISE,20524.0,,21824.0,19939.0,76493.0,16651.0,17111.0,172542.0
XXI,30775.0,26431.0,35463.0,25938.0,19343.0,14758.0,15534.0,168242.0
mediacites.fr,,50000.0,,44107.0,66146.0,,,160253.0
futuribles.com,19783.0,,,,,,136683.0,156466.0
LE BIEN PUBLIC / bienpublic.com,,,,,155875.0,,,155875.0
NICE-MATIN,,155744.0,,,,,,155744.0
LA DECROISSANCE,18772.0,25621.0,21419.0,16627.0,22124.0,23528.0,25189.0,153280.0
"brief.me, brief.eco",,,,,152513.0,,,152513.0
worldcrunch.com,,,,,,,149999.0,149999.0
FRANCE ANTILLES GUADELOUPE - guadeloupe.franceantilles.fr,,,,,,,149865.0,149865.0
leparticulier.fr,149837.0,,,,,,,149837.0
UN JOUR UNE ACTU,,,,,,148769.0,,148769.0
WE DEMAIN,,,8608.0,9993.0,9434.0,10486.0,109180.0,147701.0
VOSGES MATIN / vosgesmatin.fr,,,,,147191.0,,,147191.0
en-attendant-nadeau.fr,,,,40000.0,,78730.0,28151.0,146881.0
lequotidiendelart.com,,,,132795.0,13757.0,,,146552.0
CENTRE PRESSE VIENNE,46752.0,,37869.0,31713.0,30211.0,,,146545.0
limprevu.fr,,50000.0,95612.0,,,,,145612.0
brief.me,,50000.0,94671.0,,,,,144671.0
apmnews.com / Apmhealtheurope.com,,,,,143989.0,,,143989.0
rollingstone.fr,,87348.0,54763.0,,,,,142111.0
LES NOUVELLES CALEDONIENNES / Lnc.nc,,,,,140721.0,,,140721.0
LE PELICAN,37463.0,31526.0,28373.0,23761.0,18520.0,,,139643.0
lejournaldesentreprises.com,,137819.0,,,,,,137819.0
LE PAYS ROANNAIS,,,30629.0,28720.0,26847.0,25904.0,25023.0,137123.0
l'EST ECLAIR,,,135077.0,,,,,135077.0
switchonpaper.com,,,,,50000.0,84719.0,,134719.0
L’UNION / L'ARDENNAIS,,132098.0,,,,,,132098.0
VAR-MATIN,,131063.0,,,,,,131063.0
lesjours.fr,,50000.0,80547.0,,,,,130547.0
premiere.fr,,,129569.0,,,,,129569.0
ROLLING STONE / rollingstone.fr,72026.0,,,,,54589.0,,126615.0
L'INDEPENDANT DU PAS DE CALAIS,29498.0,,20545.0,20172.0,17854.0,18073.0,17909.0,124051.0
L’EST-ÉCLAIR,,122797.0,,,,,,122797.0
latribune.fr,,,122513.0,,,,,122513.0
LE JOURNAL DE GIEN,19344.0,19374.0,17326.0,16430.0,16040.0,15850.0,17840.0,122204.0
LYON MAG / lyonmag.com,,,,,,,121438.0,121438.0
MANIERE DE VOIR,26010.0,32368.0,32299.0,30542.0,,,,121219.0
CAUSEUR MAGAZINE,22009.0,,,27026.0,23716.0,22723.0,23133.0,118607.0
L'HOMME NOUVEAU,21153.0,22229.0,,19539.0,20050.0,18262.0,16906.0,118139.0
legrandcontinent.eu,,,,,50000.0,,65934.0,115934.0
20 MINUTES,,115691.0,,,,,,115691.0
MANIERE DE VOIR - LE MONDE DIPLOMATIQUE,,,,,,114745.0,,114745.0
L'ECHO DU BERRY,14173.0,13402.0,12697.0,33775.0,12400.0,12633.0,13675.0,112755.0
THE INTERNATIONAL NEW YORK TIMES,111914.0,,,,,,,111914.0
docteurimago.fr,,,,,,,109540.0,109540.0
voxeurop.eu,,,,40000.0,67727.0,,,107727.0
tetu.com,,,,104077.0,,,,104077.0
entraid.com,,,104046.0,,,,,104046.0
LA SEMAINE DE L'ALLIER,14796.0,13628.0,12935.0,33308.0,10705.0,7329.0,7840.0,100541.0
leshorizons.net,,,,,50000.0,4872.0,42728.0,97600.0
CHUT MAGAZINE / chut.media,,,,,,97100.0,,97100.0
LE PETIT JOURNAL TARN ET GARONNE,,,46902.0,49895.0,,,,96797.0
reussir.fr,,,,,96082.0,,,96082.0
newsassurancespro.com,26456.0,,,26378.0,,,42786.0,95620.0
zoolemag.com,,,,,,,94236.0,94236.0
LA SEMAINE DANS LE BOULONNAIS,16411.0,15083.0,13976.0,13110.0,11725.0,11721.0,12071.0,94097.0
ECO SAVOIE MONT BLANC (EDITION 73 & 74),,,,,93688.0,,,93688.0
L’YONNE RÉPUBLICAINE,,92263.0,,,,,,92263.0
services-proprete.fr,,,,91293.0,,,,91293.0
LE COURRIER DE LA MAYENNE,,25241.0,22523.0,21960.0,21215.0,,,90939.0
LE TREGOR,14907.0,12117.0,12481.0,12933.0,12836.0,12777.0,12452.0,90503.0
20minutes.fr,,,,29276.0,60765.0,,,90041.0
alimentation-generale.fr,,50000.0,39687.0,,,,,89687.0
SOCIALTER,5458.0,9866.0,9832.0,10511.0,15584.0,18032.0,19171.0,88454.0
La Revue Fiduciaire,,,,,88355.0,,,88355.0
L'ECO / PLAY BAC PRESSE,87811.0,,,,,,,87811.0
natura-sciences.com,,,,,,,87617.0,87617.0
LE JOURNAL DE SAÔNE et LOIRE,,87072.0,,,,,,87072.0
LA PRESSE DE GRAY,7598.0,11141.0,39938.0,6760.0,6394.0,6289.0,8626.0,86746.0
marcelle.media,,,,,46690.0,40000.0,,86690.0
L'AVENIR DE L'ARTOIS,19448.0,,18514.0,16986.0,15669.0,15314.0,,85931.0
lalettredumusicien.fr,,,,,,,84586.0,84586.0
L’ECO,,84441.0,,,,,,84441.0
misstweed.com,,,,,,,84021.0,84021.0
newsmanagers.com,,,,83791.0,,,,83791.0
spheresmagazine.com,,,,,,,83636.0,83636.0
e-marketing.fr,82560.0,,,,,,,82560.0
aoc.media,,,50000.0,,32255.0,,,82255.0
FRANCE ANTILLES MARTINIQUE,5945.0,16925.0,19439.0,19897.0,18954.0,,,81160.0
guitinews.fr,,,,,50000.0,,31047.0,81047.0
LE JOURNAL DES FLANDRES,15006.0,13781.0,12121.0,10730.0,9169.0,9891.0,10288.0,80986.0
PARIS NORMANDIE – NORMANDIE DIMANCHE,,80523.0,,,,,,80523.0
rsedatanews.net,,50000.0,,30222.0,,,,80222.0
livreshebdo.fr,,,,25914.0,,53680.0,,79594.0
Rfconseil.grouperf.com,,,78751.0,,,,,78751.0
Rfsocial.grouperf.com,,,78751.0,,,,,78751.0
Rfcomptable.grouperf.com,,,78751.0,,,,,78751.0
revuefiduciaire.gouperf.com,,,78751.0,,,,,78751.0
Rfpaye.grouperf.com,,,78751.0,,,,,78751.0
L'OBSERVATEUR / THIERACHE / SAMBRE LA FRONTIERE…,78749.0,,,,,,,78749.0
lesinguliersete.fr,,,,,,,76970.0,76970.0
LE JOURNAL D'ICI TARN ET LAURAGAIS / Lejournaldici.com,,,,76524.0,,,,76524.0
zepros.fr,,,,,,,76504.0,76504.0
vert.eco,,,,,,50000.0,25149.0,75149.0
L'OBSERVATEUR - Toutes éditions,,,,,,,75102.0,75102.0
AMERICA,,,,21266.0,26280.0,27385.0,,74931.0
L'ECO / l-eco.fr,,,,,74721.0,,,74721.0
L’INDÉPENDANT DU MIDI,,74349.0,,,,,,74349.0
L'ECHO DE LA LYS,14056.0,,13020.0,12605.0,11690.0,11883.0,10919.0,74173.0
revue-banque.fr,,,,73834.0,,,,73834.0
LA REPUBLIQUE DE SEINE ET MARNE,18456.0,,14764.0,14024.0,13240.0,13256.0,,73740.0
L’ÉVEIL DE LA HAUTE LOIRE,,73695.0,,,,,,73695.0
slate.fr,,,,39516.0,,,34176.0,73692.0
LE BONHOMME PICARD,13152.0,14065.0,10197.0,9859.0,12814.0,13456.0,,73543.0
zonebourse.com,,,,,,,73102.0,73102.0
LE JOURNAL DE MILLAU,7691.0,11236.0,11067.0,10835.0,10353.0,10494.0,10238.0,71914.0
cafebabel.fr,,71893.0,,,,,,71893.0
notretemps.com,,,71551.0,,,,,71551.0
LA REVUE DESSINEE,,12263.0,7799.0,10558.0,12756.0,13792.0,13998.0,71166.0
LE LITTORAL DE LA CHARENTE MARITIME,8534.0,10012.0,9795.0,10114.0,10400.0,10536.0,11167.0,70558.0
NOUVELLES SEMAINE,,3866.0,3671.0,3654.0,3653.0,3827.0,51180.0,69851.0
madeinmarseille.net,,,34800.0,,34845.0,,,69645.0
biotechinfo.fr,,50000.0,19585.0,,,,,69585.0
CENTRE PRESSE POITIERS,,,,,,33214.0,35809.0,69023.0
L’OBSERVATEUR  / THIERARCHE,,68811.0,,,,,,68811.0
satellifax.com,,,,68151.0,,,,68151.0
L'ECHO DE LA PRESQU'ILE GUERANDAISE ET DE SAINT-NAZAIRE,,,13377.0,13834.0,13964.0,14004.0,12635.0,67814.0
MANIERE DE VOIR - Le monde diplomatique,,,,,32326.0,,34558.0,66884.0
PARISBERLIN / parisberlinmag.com / algerparis.fr,66649.0,,,,,,,66649.0
REVUE ESPRIT / esprit.presse.fr,,,,,,,65958.0,65958.0
LES INFORMATIONS DIEPPOISES,12221.0,,10934.0,10773.0,10615.0,10290.0,10859.0,65692.0
TENDANCE OUEST / tendanceouest.com,,,,,,,65151.0,65151.0
BRETONS,,,9990.0,10087.0,12746.0,12844.0,19245.0,64912.0
pourlascience.fr,,64387.0,,,,,,64387.0
revue-farouest.fr,,,50000.0,,,14190.0,,64190.0
outremers360.com,,,,,63917.0,,,63917.0
batiactu.com,,,,16830.0,,,46921.0,63751.0
LA GAZETTE DE NIMES,8082.0,7790.0,7185.0,10909.0,9837.0,10124.0,9765.0,63692.0
LE JOURNAL DE MONTREUIL,9529.0,10634.0,9506.0,9059.0,8384.0,8276.0,8224.0,63612.0
presselib.com,,,,,,,63317.0,63317.0
"ART PRESS  / 
artpress.com",,,,,,,62644.0,62644.0
LA TRIBUNE DE MONTELIMAR,17876.0,16534.0,14409.0,,,,13632.0,62451.0
lequotidiendumedecin.fr,,,7882.0,,,,53839.0,61721.0
LES DOSSIERS DE L'ACTUALITE,18848.0,,22400.0,20332.0,,,,61580.0
LA SEMAINE DES PYRENEES,6791.0,5743.0,3906.0,24764.0,6685.0,6937.0,6708.0,61534.0
L'INDICATEUR DES FLANDRES ET DE LA VALLEE DE LA LYS,10565.0,,13006.0,12651.0,11905.0,12756.0,,60883.0
TOPO,,50000.0,3551.0,7271.0,,,,60822.0
TRIBUNE DE LYON / Tribunedelyon.fr,,,,,,,60817.0,60817.0
culture.newstank.fr,44343.0,,,11104.0,4694.0,,,60141.0
LE PHARE DUNKERQUOIS,10368.0,9110.0,8561.0,7757.0,7613.0,7855.0,8551.0,59815.0
L'ANGERIEN LIBRE,3674.0,5276.0,23127.0,12497.0,4784.0,5044.0,5304.0,59706.0
LE PAYS BRIARD,3732.0,,2931.0,2811.0,2707.0,24968.0,22368.0,59517.0
REUSSIR LE PERIGORD,,16404.0,5658.0,5410.0,6707.0,4298.0,21026.0,59503.0
L'AXONAIS,,34578.0,4853.0,4977.0,4966.0,5000.0,5094.0,59468.0
POUR L'ECO,,,,,11166.0,26994.0,21103.0,59263.0
LA DEPECHE DE TAHITI,4460.0,,,,3690.0,47180.0,3578.0,58908.0
JUSTICE,,,,,,0.0,58696.0,58696.0
LA RUCHE,8944.0,9177.0,8110.0,7547.0,8556.0,8575.0,7714.0,58623.0
LE PHARE DE RE,9309.0,8763.0,8172.0,7927.0,7799.0,8286.0,8283.0,58539.0
LES AFFICHES DE LA HAUTE SAONE,5104.0,,4980.0,34771.0,4458.0,4443.0,4194.0,57950.0
TERRES ET TERRITOIRES / Terres-et-territoires.com,,,,,57627.0,,,57627.0
satellinet.fr,57499.0,,,,,,,57499.0
NOUVELLES ETINCELLES,,,,,,,57287.0,57287.0
zoomdici.fr,,,,,57273.0,,,57273.0
L'ORNE COMBATTANTE,10413.0,,9008.0,8946.0,8827.0,8599.0,11378.0,57171.0
handicap.fr,,,,,,,57023.0,57023.0
LA LOZERE NOUVELLE,9451.0,,,8154.0,7691.0,7704.0,23319.0,56319.0
lalettredelassurance.com,,24992.0,,,31155.0,,,56147.0
BULLETIN D'ESPALION,,,,3654.0,38499.0,6687.0,7128.0,55968.0
UNION & TERRITOIRES,,,,,55929.0,,,55929.0
BOUDU,,41000.0,2891.0,2825.0,2831.0,2913.0,3367.0,55827.0
LA VOIX DE L'AIN,10496.0,9861.0,,8278.0,8360.0,8644.0,9861.0,55500.0
LA GAZETTE DU CENTRE MORBIHAN,9605.0,8258.0,8870.0,8152.0,7168.0,6822.0,6405.0,55280.0
L'EVEIL DE PONT AUDEMER,8922.0,7429.0,7678.0,7914.0,7857.0,7304.0,7937.0,55041.0
LE PAYS MALOUIN,10225.0,,8758.0,8866.0,8892.0,8697.0,9156.0,54594.0
L'IMPARTIAL DES ANDELYS,10396.0,,9008.0,8964.0,8907.0,8846.0,8324.0,54445.0
COURRIER Français,,,,54111.0,,,,54111.0
cahiers-ophtalmologie.com,,,,54079.0,,,,54079.0
L'ACTION AGRICOLE PICARDE,,,,,,54044.0,,54044.0
acteursdufrancoallemand.com,,,,,,,53720.0,53720.0
HAUTE SAINTONGE,,10006.0,9075.0,8536.0,8296.0,8864.0,8886.0,53663.0
ALBERT,,36000.0,1500.0,7892.0,2384.0,5482.0,,53258.0
"Koï, koimagazine.fr",,,,,,,53148.0,53148.0
LE COURRIER DE LA MAYENNE / courrierdelamayenne.com,,,,,,53097.0,,53097.0
mytoc.fr,52885.0,,,,,,,52885.0
L'ECLAIREUR DU GATINAIS ET DU CENTRE,18253.0,18488.0,,,,16087.0,,52828.0
lejournaldesarts.fr,,,52729.0,,,,,52729.0
LA VOIX DES SPORTS,8965.0,9323.0,9001.0,8193.0,6386.0,5744.0,5067.0,52679.0
HAUT ANJOU,,14610.0,13123.0,12650.0,11925.0,,,52308.0
L'ESSOR SARLADAIS,6413.0,8713.0,7819.0,7635.0,7101.0,7173.0,7014.0,51868.0
FRANCE GUYANE,22641.0,20377.0,,,8772.0,,,51790.0
L'ESSOR AFFICHES,,,12921.0,12716.0,12576.0,13251.0,,51464.0
huffingtonpost.fr,,,,,,,51375.0,51375.0
LE REPUBLICAIN SUD GIRONDE,6853.0,6302.0,7071.0,7677.0,7944.0,7930.0,7392.0,51169.0
TAHITI INFOS / tahiti-infos.com,,,,,,0.0,50776.0,50776.0
LE PAYS D'AUGE,9808.0,,8031.0,8045.0,7922.0,7725.0,9238.0,50769.0
newstank.fr,,50699.0,,,,,,50699.0
actu.nc,,47000.0,3671.0,,,,,50671.0
L'EVEIL NORMAND,8278.0,6802.0,7094.0,7035.0,7022.0,7054.0,6878.0,50163.0
rdv-photos.com,,50000.0,,,,,,50000.0
lesglorieuses.fr,,,,50000.0,,,,50000.0
dicila.media,,,,,,50000.0,,50000.0
revusetcorriges.net,,,,,50000.0,,,50000.0
mobilitesmagazine.com,,,50000.0,,,,,50000.0
desoriental.fr,,,,,,50000.0,,50000.0
theconversation.fr,,50000.0,,,,,,50000.0
pocmedia.fr,,,,,,50000.0,,50000.0
ourscom.fr,,,,,,,50000.0,50000.0
planb-io.fr,,,,,,50000.0,,50000.0
thewomensvoices.fr,,,,,,,50000.0,50000.0
tipandshaft.com,,,,50000.0,,,,50000.0
climatico.fr,,,,,,50000.0,,50000.0
KOI,,,,,50000.0,,,50000.0
outside.fr,,,,,,50000.0,,50000.0
cyberbrief.net,,,,50000.0,,,,50000.0
oldyssey.org,,,,,,50000.0,,50000.0
bulletin.fr,,,,,,50000.0,,50000.0
lenouvelespritpublic.fr,,,,,50000.0,,,50000.0
stripfood.fr,,,,,,,50000.0,50000.0
afrik21.africa,,,,50000.0,,,,50000.0
if-saint-etienne.fr,,,,,,,50000.0,50000.0
k-larevue.com,,,,,,,50000.0,50000.0
laicites.info,,,50000.0,,,,,50000.0
lesclesdudigital.fr,,,,50000.0,,,,50000.0
POP STORY,,50000.0,,,,,,50000.0
fondamental-actu.fr,,,,,,50000.0,,50000.0
Actu Alité,,,,50000.0,,,,50000.0
ablock.fr,,,,,,50000.0,,50000.0
wow-news.eu,,,,,,50000.0,,50000.0
ACTEURS DU FRANCO-ALLEMAND / acteursdufrancoallemand.com,,,,,,50000.0,,50000.0
Agri-City.info,,,,,50000.0,,,50000.0
dis-leur.fr,,,,50000.0,,,,50000.0
BOUKAN LE COURRIER ULTRAMARIN,,,,,50000.0,0.0,,50000.0
afriquexxi.info,,,,,,,50000.0,50000.0
blast-info.fr,,,,,,,50000.0,50000.0
lejournaldugrandparis.fr,,50000.0,,,,,,50000.0
Mo News,,,,,,,50000.0,50000.0
tchika.fr,,,,,50000.0,,,50000.0
brainto.com,,,,,,,50000.0,50000.0
lequatreheures.com,,50000.0,,,,,,50000.0
LE PETIT JOURNAL,,,,,,49752.0,,49752.0
LE COURRIER DU PAYS DE RETZ,7938.0,6496.0,6849.0,7067.0,7183.0,7237.0,6797.0,49567.0
L'ORNE HEBDO,8319.0,6964.0,6940.0,7001.0,6984.0,6648.0,6626.0,49482.0
LES ECHOS DU TOUQUET,7675.0,7228.0,7055.0,6924.0,6403.0,6850.0,7304.0,49439.0
placegrenet.fr,,35000.0,,,14380.0,,,49380.0
L'OBSERVATEUR DE BEAUVAIS,8944.0,,6649.0,6360.0,9039.0,8910.0,8797.0,48699.0
LE SEMEUR HEBDO,7474.0,7520.0,7029.0,6502.0,6450.0,6663.0,7045.0,48683.0
LE RESISTANT,,,10182.0,9643.0,9392.0,9288.0,10107.0,48612.0
L'INDEPENDANT DU LOUHANNAIS ET DU JURA,5008.0,,9206.0,8509.0,8278.0,8912.0,8531.0,48444.0
agra.fr,,,,,,48368.0,,48368.0
ZADIG,,,,,,29607.0,18651.0,48258.0
CAUSEUR,,24315.0,23930.0,,,,,48245.0
LE PETIT JOURNAL - Tarn et Garonne,,,,,48092.0,,,48092.0
go-met.com,,,,,48030.0,,,48030.0
L'ACCENT BOURGUIGNON,,,48000.0,,,,,48000.0
L'ECHO DE L'ARMOR ET DE L'ARGOAT,8066.0,6504.0,6802.0,6901.0,6497.0,6370.0,6774.0,47914.0
PETIT JOURNAL - Toutes éditions,,,,,,,47876.0,47876.0
LE TARN LIBRE,9634.0,9484.0,8242.0,7682.0,,6722.0,5935.0,47699.0
LE PLOERMELAIS,8530.0,7405.0,7776.0,6852.0,6038.0,5697.0,5376.0,47674.0
LA MARNE,6750.0,,5890.0,5830.0,5678.0,12243.0,10859.0,47250.0
BIEN DIRE / biendire.com,,,,,,,46659.0,46659.0
LA DEPECHE DU BASSIN,7419.0,7182.0,6549.0,6217.0,6254.0,5963.0,7031.0,46615.0
LE REVEIL DE BERCK,7251.0,6840.0,6521.0,6339.0,6126.0,6545.0,6976.0,46598.0
COURRIER FRANCAIS / L'ECHO DE L'OUEST,,,,,,46587.0,,46587.0
aanda.org,,,,,46309.0,,,46309.0
streetpress.com,,,,,46062.0,,,46062.0
LA VIE NOUVELLE,,38560.0,3671.0,3654.0,,,,45885.0
Frequence-sud.fr,45005.0,,,,,,,45005.0
actuia.com,,,,,,,45000.0,45000.0
recyclage-recuperation.fr,,,,,44525.0,,,44525.0
cadredeville.com,,,44421.0,,,,,44421.0
NORD ÉCLAIR,,44164.0,,,,,,44164.0
LE PELICAN / lepelican-journal.com,,,,,,16658.0,27341.0,43999.0
L'ECHO DE L'OUEST - COURRIER Français,,,,,43946.0,,,43946.0
LE COURRIER VENDEEN,6639.0,5765.0,6063.0,6379.0,6190.0,6449.0,6072.0,43557.0
touslesjourscurieux.fr,,,30000.0,,13460.0,,,43460.0
le10sport.com,,,,43428.0,,,,43428.0
editions-rgra.fr,,,,43111.0,,,,43111.0
L'HEBDO DE CHARENTE MARITIME,4585.0,,22577.0,3654.0,3653.0,4514.0,4045.0,43028.0
CONNAISSANCE DES ARTS / connaissancedesarts.com,19944.0,,,,,,22882.0,42826.0
LE COURRIER FRANCAIS     -     Toutes éditions,,,42807.0,,,,,42807.0
LE PUBLICATEUR LIBRE,6741.0,5596.0,6187.0,6106.0,5937.0,5907.0,6299.0,42773.0
LA GAZETTE DE LA MANCHE,6568.0,5239.0,5206.0,5263.0,5310.0,7335.0,7695.0,42616.0
vitisphere.com,,,,17677.0,,,24721.0,42398.0
COURRIER FRANCAIS - toutes éditions,,,,,,,42198.0,42198.0
EXE / exemagazine.fr,42140.0,,,,,,,42140.0
EK - ECOLOGIK / ekmagazine.fr,42140.0,,,,,,,42140.0
themeta.news,,,,,,,42085.0,42085.0
CENTRE PRESSE VIENNE POITIERS,,42077.0,,,,,,42077.0
LA SEMAINE DU ROUSSILLON,5965.0,5928.0,5527.0,9110.0,4865.0,5159.0,5220.0,41774.0
LA PIEUVRE DU MIDI,,30000.0,,,3653.0,3827.0,4045.0,41525.0
esprit.presse.fr,,,41507.0,,,,,41507.0
CHRONIQUE REPUBLICAINE,,,,10543.0,10409.0,10328.0,10055.0,41335.0
LE COURRIER DE MANTES,5148.0,4243.0,4297.0,4067.0,3758.0,10045.0,9726.0,41284.0
consoglobe.com,,,41172.0,,,,,41172.0
L'HEBDOMADAIRE D'ARMOR,6777.0,6770.0,6008.0,5636.0,5238.0,5199.0,5541.0,41169.0
LE POHER / Lepoher.fr,,,,,41141.0,,,41141.0
VALEURS ACTUELLES,,,,,,,40980.0,40980.0
madamsport.fr,,,,10928.0,,30000.0,,40928.0
LE REVEIL NORMAND,8382.0,6721.0,6658.0,6519.0,6233.0,6175.0,,40688.0
LA PRESSE DE VESOUL,6365.0,9657.0,5406.0,5229.0,4711.0,4616.0,4688.0,40672.0
LA PRESSE D'ARMOR,6318.0,5369.0,5822.0,5772.0,5659.0,5603.0,5734.0,40277.0
LE REVEIL DE NEUFCHATEL,7836.0,,6442.0,6448.0,6326.0,6359.0,6858.0,40269.0
xrmust.com,,,,,,,40000.0,40000.0
mazette.media,,,,,,40000.0,,40000.0
flushmag.fr,,,,,,40000.0,,40000.0
unsighted.co,,,,40000.0,,,,40000.0
mediavinopro.fr,,,,,,40000.0,,40000.0
belleileendiagonales.bzh,,,,,,40000.0,,40000.0
horizondurable.info,,40000.0,,,,,,40000.0
leslettrespersanes.fr,,,,40000.0,,,,40000.0
jaipiscineavecsimone.com,,,,,,40000.0,,40000.0
WAHED MAGAZINE,,,40000.0,,,,,40000.0
informelles.media,,,,,,,40000.0,40000.0
linspiration-politique.fr,,,,,,,40000.0,40000.0
grand-format.net,,,,,,,40000.0,40000.0
accidentaleuropean.com,,,,,,40000.0,,40000.0
placeco.fr,,,,,,,40000.0,40000.0
pan-african-music.com,,,40000.0,,,,,40000.0
weekult.com,,,,,,40000.0,,40000.0
generationphd.fr,,,,40000.0,,,,40000.0
frictions.co,,,,,,,40000.0,40000.0
briefstory.io,,,,,,40000.0,,40000.0
8e-etage.fr,,40000.0,,,,,,40000.0
lvsl.fr,,,,,40000.0,,,40000.0
culotcreative.com,,,,,,40000.0,,40000.0
7joursaclermont.fr,,,,,40000.0,,,40000.0
censoredmagazine.bigcartel.com/newsletter,,,,,,40000.0,,40000.0
medialot.fr,,,,40000.0,,,,40000.0
vivant-le-media.fr,,,,,,40000.0,,40000.0
dzairworld.com,,,,,,40000.0,,40000.0
cafecremesport.com,,,,,,,40000.0,40000.0
devizu.news,,,,,,40000.0,,40000.0
lepoulpe.info,,,,,40000.0,,,40000.0
aerospatium.info,,40000.0,,,,,,40000.0
cfactuel.fr,,40000.0,,,,,,40000.0
larrierecour.fr,,,,,,40000.0,,40000.0
erebmedia.com,,,,,,40000.0,,40000.0
revueladeferlante.fr,,,,,,,40000.0,40000.0
enlargeyourparis.fr,,40000.0,,,,,,40000.0
regain-magazine.com,,,,40000.0,,,,40000.0
lapartducolibri.fr,,,,40000.0,,,,40000.0
lemediapresse.fr,,,,40000.0,,,,40000.0
culsdepoule.fr,,,,,,,40000.0,40000.0
VENDEE AGRICOLE / vendee-agricole.fr,,,,,,39954.0,,39954.0
LE COURRIER DU LOIRET,5792.0,5610.0,5097.0,5982.0,5885.0,5997.0,5515.0,39878.0
weblex.fr,8915.0,,,,,,30815.0,39730.0
LE QUOTIDIEN DE LA REUNION,,39674.0,,,,,,39674.0
LA SEMAINE DES ARDENNES,5754.0,5738.0,5730.0,5378.0,5296.0,5633.0,5993.0,39522.0
LA RENAISSANCE LOCHOISE,3674.0,13767.0,4428.0,4300.0,4201.0,3827.0,4729.0,38926.0
LA PRESSE PONTISSALIENNE,,2127.0,8695.0,7700.0,7091.0,6871.0,6149.0,38633.0
L'ELEPHANT,,,,,,19554.0,19031.0,38585.0
HAUT ANJOU / actu.fr/haut-anjou,,,,,,38299.0,,38299.0
LE PETIT JOURNAL – Toutes éditions,,38176.0,,,,,,38176.0
LE PAYSAN TARNAIS / paysanstarnais.com,,,,,,,38128.0,38128.0
Sante-et-travail.fr,,,38088.0,,,,,38088.0
LE DEMOCRATE INDEPENDANT,6218.0,6675.0,,5978.0,5786.0,6269.0,6738.0,37664.0
LE PETIT QUOTIDIEN,,9051.0,9306.0,,,9471.0,9815.0,37643.0
leconcoursmedical.fr,,,,,,37585.0,,37585.0
LE PETIT JOURNAL - Tarn et Garonne / Ariège…,37467.0,,,,,,,37467.0
LE JOURNAL DE VITRE,7078.0,,5997.0,6137.0,5876.0,5778.0,6042.0,36908.0
LE JOURNAL DE L'ORNE,6250.0,5341.0,5336.0,5168.0,4988.0,4796.0,4772.0,36651.0
lassmat.fr,,,,36469.0,,,,36469.0
L’AISNE NOUVELLE,,36155.0,,,,,,36155.0
musique-journal.fr,,,,,,36000.0,,36000.0
GEROSCOPIE,,,,35781.0,,,,35781.0
greenunivers.com,,22866.0,,,,12851.0,,35717.0
LE JOURNAL D'ABBEVILLE,6069.0,4853.0,4839.0,4870.0,4708.0,4683.0,5174.0,35196.0
VIE NOUVELLE,34676.0,,,,,,,34676.0
"Le Sillon, Lesillon.info",,,,,34562.0,,,34562.0
TECHNIQUES SCIENCES METHODES,,,,34482.0,,,,34482.0
LA GAZETTE ARIEGEOISE,5028.0,5152.0,4851.0,4735.0,4681.0,4827.0,5011.0,34285.0
L'AMI DES FOYERS CHRETIENS HEBDO,,,,,,9997.0,24037.0,34034.0
LE COURRIER DE FOURMIES,6939.0,5864.0,5150.0,4685.0,5588.0,5759.0,,33985.0
LE CHATILLONNAIS ET L'AUXOIS,4962.0,5132.0,4839.0,4672.0,4578.0,4787.0,4988.0,33958.0
L'ECLAIREUR DU GATINAIS,,,17401.0,16487.0,,,,33888.0
LA RENAISSANCE LE BESSIN,4264.0,3899.0,3384.0,5563.0,5247.0,5372.0,6087.0,33816.0
info-economique.com,,33419.0,,,,,,33419.0
TRIBUNE DE LYON / tribunedelyon.fr,,,,,,33302.0,,33302.0
LE PAYS ROANNAIS / LE PAYS D’ENTRE LOIRE ET RHONE,,33020.0,,,,,,33020.0
LA CHRONIQUE REPUBLICAINE,12336.0,10111.0,10278.0,,,,,32725.0
GRAND EST MAGAZINE,,,8540.0,9953.0,5791.0,4821.0,3367.0,32472.0
lalettreA.fr,,,32399.0,,,,,32399.0
Intelligenceonline.fr/.com,,,32399.0,,,,,32399.0
africanintelligence.fr/.com,,,32399.0,,,,,32399.0
L'OPINION INDEPENDANTE,4501.0,4750.0,4542.0,4466.0,4472.0,4712.0,4955.0,32398.0
LE PAYS ROANNAIS / PAYS D ENTRE LOIRE ET RHONE,32235.0,,,,,,,32235.0
LA VOIX DE LA HAUTE MARNE,4750.0,4882.0,4569.0,4421.0,4282.0,4442.0,4759.0,32105.0
letangue.re,,,,,,32000.0,,32000.0
LA VOIX DU MIDI,,,7248.0,7713.0,8121.0,8643.0,,31725.0
"La Profession Comptable, Laprofessioncomptable.com",,,,,31557.0,,,31557.0
LE REVEIL DU MIDI,4458.0,4659.0,,,4299.0,4617.0,13462.0,31495.0
investissementconseils.com,,,,,,31474.0,,31474.0
LA DEPECHE D'EVREUX,,,,10711.0,10395.0,10250.0,,31356.0
union-paysanne.com,,,,,,,31287.0,31287.0
the-drone.com,,31212.0,,,,,,31212.0
HAUTE GIRONDE,,,6057.0,6011.0,6108.0,6056.0,6973.0,31205.0
loeildelaphotographie.com,30959.0,,,,,,,30959.0
fluidestransmission.com,,,,,,,30902.0,30902.0
bscnews.fr,,,,30604.0,,,,30604.0
HERRIA,3674.0,4801.0,4451.0,4317.0,4241.0,4433.0,4648.0,30565.0
L'AMI DU PEUPLE HEBDO,,,10698.0,10099.0,9715.0,,,30512.0
L'ESSOR BIGOURDAN,4140.0,4506.0,4292.0,4228.0,4203.0,4434.0,4684.0,30487.0
MON QUOTIDIEN,,7760.0,,,7572.0,7685.0,7450.0,30467.0
LA VOIX DU JURA,5159.0,4088.0,4226.0,4265.0,4297.0,4318.0,3990.0,30343.0
LE MEMORIAL DE L'ISERE,5022.0,5003.0,4413.0,4191.0,3680.0,3827.0,4045.0,30181.0
ECHO D'ILE DE FRANCE,,,,30101.0,,,,30101.0
lefilrouge.media,,,30000.0,,,,,30000.0
Paris Lights Up,,,,,30000.0,,,30000.0
lebec.media,,,,,,,30000.0,30000.0
tremolo-mag.com,,,,,,30000.0,,30000.0
long courrier - newsletter,,,,,,30000.0,,30000.0
blacknews.fr,,,,,,30000.0,,30000.0
lokko.fr,,,,,,30000.0,,30000.0
ovanation.fr,,,,,,30000.0,,30000.0
cameditsport.com,,,30000.0,,,,,30000.0
ekopo.fr,,30000.0,,,,,,30000.0
artisixmic.fr,,30000.0,,,,,,30000.0
presse-evasion.fr,,,,30000.0,,,,30000.0
ledoc-info.com,,,,30000.0,,,,30000.0
lautrequotidien.fr,,,30000.0,,,,,30000.0
beaview.fr,,,,30000.0,,,,30000.0
lesdreamers.org,,,,,,,30000.0,30000.0
valgirardin.fr,,,,30000.0,,,,30000.0
lalterego.fr,,,30000.0,,,,,30000.0
sportbusiness.club,,,,,,30000.0,,30000.0
ledrenche.fr,,30000.0,,,,,,30000.0
lejournalminimal.fr,,,,30000.0,,,,30000.0
hajde.fr,,,,,30000.0,,,30000.0
revuekoko.com,,,,,,30000.0,,30000.0
sans-filtre.fr,,,,,,30000.0,,30000.0
Visible,,,,,,,30000.0,30000.0
miroirslibres.com,,,,,,,30000.0,30000.0
techtrash.fr,,,,,,30000.0,,30000.0
mediacoop.fr,,,,30000.0,,,,30000.0
kitmedia.weelz.fr,,,,,,,30000.0,30000.0
territoires-audacieux.fr,,,,,,30000.0,,30000.0
pagesdeslibraires.fr,,29623.0,,,,,,29623.0
LA REPUBLIQUE DE SEINE ET MARNE / larepublique77.fr,,29536.0,,,,,,29536.0
LE POHER,5830.0,5736.0,,6195.0,,5800.0,5927.0,29488.0
SILENCE,,10396.0,9290.0,9491.0,,,,29177.0
LE JOURNAL D'ICI TARN ET LAURAGAIS,,,6294.0,,6298.0,6579.0,9927.0,29098.0
LA MAURIENNE,3674.0,3866.0,4402.0,4314.0,4274.0,4480.0,4045.0,29055.0
LA TRIBUNE DE LYON,3674.0,3866.0,16091.0,5411.0,,,,29042.0
kineactu.com,,,29015.0,,,,,29015.0
SPORT STRATEGIES HEBDO / sportstrategies.com,28965.0,,,,,,,28965.0
sortiesdesecours.com,,,,,28800.0,,,28800.0
macommune.info,,,28785.0,,,,,28785.0
Agri 72 / Reussir-agri72.fr,,,,,28751.0,,,28751.0
LA GAZETTE DU COMMINGES,,4651.0,4360.0,4138.0,5112.0,5031.0,5440.0,28732.0
LE COURRIER DE GUADELOUPE,,,28610.0,,,,,28610.0
LA CROIX CAMPUS,,,,,,16742.0,11678.0,28420.0
LES SABLES - Vendée journal,10511.0,,,,9623.0,,8259.0,28393.0
LE COURRIER INDEPENDANT,4509.0,3898.0,4143.0,4053.0,3795.0,3800.0,3938.0,28136.0
LA VIE CORREZIENNE,4458.0,4804.0,3671.0,3654.0,3653.0,3827.0,4045.0,28112.0
LA GAZETTE DU VAL D'OISE,3008.0,,2422.0,2571.0,2707.0,8346.0,9040.0,28094.0
actualitenatureetsociete.com,,,,28000.0,,,,28000.0
Agri Informations 79 / Agri79.fr,,,,,27944.0,,,27944.0
LA SAVOIE,4672.0,4413.0,3671.0,3654.0,3653.0,3827.0,4045.0,27935.0
L'INDEPENDANT DE L'YONNE,4198.0,4450.0,3671.0,4059.0,3653.0,3827.0,4045.0,27903.0
santelog.com,27764.0,,,,,,,27764.0
LA MONTAGNE DES HAUTES PYRENEES,,4734.0,4532.0,4426.0,4397.0,4643.0,4885.0,27617.0
consultor.fr,,,,,,27594.0,,27594.0
L'Anjou Agricole / Anjou-agricole.com,,,,,27529.0,,,27529.0
LA VOIX DU SANCERROIS,4284.0,4166.0,3723.0,3654.0,3653.0,3827.0,4045.0,27352.0
horizons-journal.fr,,,,,27261.0,,,27261.0
LES SABLES VENDEE JOURNAL,,8745.0,9132.0,9194.0,,,,27071.0
L'ECHO DU THELLE,3674.0,3866.0,3671.0,3654.0,3653.0,3827.0,4711.0,27056.0
iparraldekohitza.eus,,27036.0,,,,,,27036.0
in-corsica.com,,,,27000.0,,,,27000.0
LE COURRIER DE L'EURE,4808.0,3661.0,3754.0,3913.0,3799.0,3538.0,3514.0,26987.0
L'HEBDO DE SEVRE ET MAINE,4155.0,3625.0,3768.0,3833.0,3819.0,3653.0,4030.0,26883.0
94.citoyens.com,,26809.0,,,,,,26809.0
LA VOIX LE BOCAGE,5041.0,,4256.0,4119.0,4444.0,4218.0,4707.0,26785.0
carenews.com,,,,,26743.0,,,26743.0
LA LIBERTE LE BONHOMME LIBRE / libertebonhomme.fr,,26700.0,,,,,,26700.0
booksa-P.com,,26684.0,,,,,,26684.0
LE PATRIOTE BEAUJOLAIS VAL DE SAONE,,,6164.0,5726.0,5293.0,5105.0,4196.0,26484.0
L'AFFRANCHI DE CHAUMONT,3674.0,3866.0,3671.0,3654.0,3653.0,3829.0,4045.0,26392.0
LA SEMAINE DE NANCY,3674.0,3866.0,3671.0,3654.0,3653.0,3827.0,4045.0,26390.0
LE JOURNAL DE LA COTIERE,3674.0,3866.0,3671.0,3654.0,3653.0,3827.0,4045.0,26390.0
L'HEBDO DE L'ARDECHE,3674.0,3866.0,3671.0,3654.0,3653.0,3827.0,4045.0,26390.0
LA SEMAINE DU MINERVOIS,3674.0,3866.0,3671.0,3654.0,3653.0,3827.0,4045.0,26390.0
L'EVEIL HEBDO,3674.0,3866.0,3671.0,3654.0,3653.0,3827.0,4045.0,26390.0
LE PROGRES SAINT AFFRICAIN,3674.0,3866.0,3671.0,3654.0,3653.0,3827.0,4045.0,26390.0
manip-info.com,,26387.0,,,,,,26387.0
LA PRESSE BISONTINE,,1578.0,5429.0,5310.0,4555.0,5073.0,4404.0,26349.0
LA TRIBUNE,,,,13576.0,12745.0,,,26321.0
LE FAUCIGNY,899.0,3866.0,3671.0,3654.0,,3827.0,9936.0,25853.0
ARCHITECTURES A VIVRE/ avivremagazine.fr,25840.0,,,,,,,25840.0
L'Agriculteur Normand / Agriculteur-normand.com,,,,,25720.0,,,25720.0
LE REPUBLICAIN - Marmande,8910.0,,,,8871.0,,7928.0,25709.0
LE VILLEFRANCHOIS,,,5951.0,5329.0,4949.0,4615.0,4676.0,25520.0
lachroniquebtp.com,,,,,25378.0,,,25378.0
LE PAYS GESSIEN,5646.0,,4360.0,3842.0,3653.0,3827.0,4045.0,25373.0
LE TARN LIBRE / letarnlibre.com,,,,,25164.0,,,25164.0
LES INFORMATIONS DIEPPOISES / lesinformationsdieppoises.fr,,25151.0,,,,,,25151.0
LE DEMOCRATE VERNONNAIS,4755.0,4062.0,,4075.0,4071.0,4189.0,3903.0,25055.0
L'UNION DU CANTAL,,,5855.0,5582.0,5593.0,5926.0,2069.0,25025.0
kariculture.net,,,,,25000.0,,,25000.0
L'ECHO LE REGIONAL,2440.0,,2416.0,2571.0,2707.0,7114.0,7688.0,24936.0
LA SEMAINE METZ THIONVILLE MOSELLE,4339.0,,3671.0,3654.0,4479.0,4512.0,4045.0,24700.0
PONTIVY JOURNAL,5116.0,4327.0,4227.0,3929.0,3455.0,3631.0,,24685.0
MEDIABASK,,4152.0,3995.0,3953.0,3916.0,4159.0,4491.0,24666.0
FACE AU RISQUE,,,,24600.0,,,,24600.0
LE FAUCIGNY / Lefaucigny.fr,,,,,24369.0,,,24369.0
LE MATERIEL AGRICOLE / materielagricole.info,24291.0,,,,,,,24291.0
ACTU NC,,,,19095.0,5151.0,,,24246.0
LE PETIT QUOTIDIEN / lepetitquotidien.fr,,,,,24028.0,,,24028.0
AIR ET COSMOS,23925.0,,,,,,,23925.0
financierterritorial.fr,,,,,,23878.0,,23878.0
LE REGIONAL DE COSNE ET DU CHARITOIS,,,,6111.0,5826.0,5989.0,5869.0,23795.0
L'ECHO D'ANCENIS ET DU VIGNOBLE,,6511.0,5852.0,5788.0,5624.0,,,23775.0
cieletespace.fr,,,,,,,23653.0,23653.0
LIBERTE LE BONHOMME LIBRE,,,,,,11287.0,12336.0,23623.0
GESTION ET FINANCES PUBLIQUES / gfpnumerique.com,23535.0,,,,,,,23535.0
LE JOURNAL DU MEDOC,4941.0,5179.0,4527.0,,4418.0,4434.0,,23499.0
LUTTE DE CLASSE,,4109.0,3653.0,3923.0,3943.0,3828.0,3948.0,23404.0
L'IMPARTIAL DES ANDELYS / limpartial-andelys.fr,,23383.0,,,,,,23383.0
rapportsdeforce.fr,,,,,,21000.0,2345.0,23345.0
cometmedias.com,,,,,,23321.0,,23321.0
L'ORNE COMBATTANTE / lornecombattante.fr,,23321.0,,,,,,23321.0
LE JOURNAL DU PAYS MALOUIN,,23023.0,,,,,,23023.0
LE RESISTANT DE LIBOURNE,11554.0,11276.0,,,,,,22830.0
L'ECHO D'ILE DE FRANCE,4582.0,4751.0,4505.0,,4373.0,4616.0,,22827.0
egora.fr,,22820.0,,,,,,22820.0
materielagricole.info,,,,,,22798.0,,22798.0
biofil.fr,,,,,22788.0,,,22788.0
LA TRIBUNE REPUBLICAINE,3936.0,,3671.0,3654.0,3653.0,3827.0,4045.0,22786.0
LE REPUBLICAIN D'UZES ET DU GARD,3830.0,,3671.0,3654.0,3653.0,3827.0,4045.0,22680.0
aleteia.org,,,22583.0,,,,,22583.0
LE JOURNAL DU PAYS D'AUGE / lepaysdauge.fr,,22546.0,,,,,,22546.0
HAUTE PROVENCE INFO,3674.0,,3671.0,3654.0,3653.0,3827.0,4045.0,22524.0
LA RENAISSANCE DU LOIR ET CHER,,,4381.0,4303.0,4353.0,4584.0,4715.0,22336.0
1538mediterranee.com,,,,,22200.0,,,22200.0
MOUVEMENT UP,,,,,,10470.0,11596.0,22066.0
L'ECHO D'ANCENIS ET DU VIGNOBLE / actu.fr/l-echo-d-ancenis,,,,,,21992.0,,21992.0
L'ECHO ENTREPRENDRE,,,,21853.0,,,,21853.0
L’ABEILLE DE LA TERNOISE,,21821.0,,,,,,21821.0
journalzibeline.fr,,11688.0,,,10127.0,,,21815.0
LE PETIT COURRIER - L'ECHO DE LA VALLEE DU LOIR,,,4125.0,4317.0,4475.0,4684.0,4092.0,21693.0
coeursdathletes.fr,,,21566.0,,,,,21566.0
app'preventionbtp,,21343.0,,,,,,21343.0
LE PERCHE,7967.0,,6553.0,6819.0,,,,21339.0
LES DOSSIERS DE L’ACTUALITE,,21190.0,,,,,,21190.0
LE JOURNAL DU PAYS YONNAIS,3371.0,2907.0,3235.0,2823.0,2707.0,2881.0,3266.0,21190.0
terre.net.fr,,,,21127.0,,,,21127.0
LE REVEIL - Vivarais-Vallée du Rhône-Pilat,,,,,10818.0,,10293.0,21111.0
HOMME NOUVEAU,,,21101.0,,,,,21101.0
LE PERCHE / le-perche.fr,,21095.0,,,,,,21095.0
jle.com,,,,21084.0,,,,21084.0
blonde.media,,,,,,21000.0,,21000.0
LE REVEIL / lereveildeneufchatel.fr,,20875.0,,,,,,20875.0
TAHITI PACIFIQUE,,,,,,0.0,20856.0,20856.0
FRANCE ANTILLES MARTINIQUE / martinique.franceantilles.fr,,,,,,20838.0,,20838.0
SANS TRANSITION ! / sans-transition-magazine.info,,,,,,20784.0,,20784.0
wikiagri.fr,,,20669.0,,,,,20669.0
PAYSANS DE LA LOIRE,,,,4993.0,4875.0,5108.0,5588.0,20564.0
LA MARNE / journallamarne.fr,,20479.0,,,,,,20479.0
FAKIR / fakirpresse.info,,20465.0,,,,,,20465.0
LE JOURNAL DE VITRE / lejournaldevitre.fr,,20421.0,,,,,,20421.0
TERRA ECO,20242.0,,,,,,,20242.0
jamag.fr,,,,,20158.0,,,20158.0
hiphopcorner.fr,,20000.0,,,,,,20000.0
legobelinduternois.com,,,,,,20000.0,,20000.0
LE TRAVAILLEUR CATALAN,,,4075.0,4010.0,3985.0,3827.0,4045.0,19942.0
tourmag.com,,,,,,,19905.0,19905.0
LE JOURNAL D'ELBEUF,3406.0,2688.0,2749.0,2770.0,2707.0,2881.0,2534.0,19735.0
LE PENTHIEVRE,3966.0,3469.0,,,3919.0,3816.0,4563.0,19733.0
LE COURRIER DE LA MAYENNE / courrierdelamayenne.fr,,,,,,,19703.0,19703.0
LE PETIT BLEU DES COTES D'ARMOR,5803.0,,,4578.0,4494.0,,4789.0,19664.0
LE JOURNAL TOULOUSAIN,3674.0,4252.0,4151.0,3654.0,3653.0,,,19384.0
IPAR EUSKAL HERRIKO HITZA,,,3781.0,3654.0,3653.0,3902.0,4192.0,19182.0
mouvement.net,,,,,,,19168.0,19168.0
LE BIEN COMMUN,,,,,,8533.0,10616.0,19149.0
LE COURRIER DES YVELINES - SAINT GERMAIN,,,2509.0,2571.0,2707.0,5438.0,5923.0,19148.0
LE BULLETIN DE L'ARRONDISSEMENT DE ROUEN,3674.0,2297.0,2416.0,2571.0,2707.0,2881.0,2534.0,19080.0
L'EVEIL DE LISIEUX,3197.0,2448.0,2728.0,2571.0,2707.0,2881.0,2534.0,19066.0
LA SEMAINE DU PAYS BASQUE,4208.0,3866.0,3671.0,3654.0,3653.0,,,19052.0
rsf.org,19042.0,,,,,,,19042.0
ECLAIREUR DU GATINAIS ET DU CENTRE,,,,,,,19037.0,19037.0
L'IMPARTIAL DE LA DROME,3940.0,3866.0,3671.0,3654.0,,3827.0,,18958.0
REVUE PROJET,,,,2717.0,16190.0,,,18907.0
LES NOUVELLES DE FALAISE,2975.0,2446.0,2620.0,2571.0,2707.0,2881.0,2639.0,18839.0
TOUTES LES NOUVELLES - VERSAILLES ET SA REGION,,,,,,18735.0,,18735.0
L'ESSOR SAVOYARD,,,9534.0,9164.0,,,,18698.0
Les Dossiers de l'actualité (nouveau titre : CROIX CAMPUS),,,,,18656.0,,,18656.0
L’AVENIR DE L'ARTOIS,,18632.0,,,,,,18632.0
LOZERE NOUVELLE,,9886.0,8701.0,,,,,18587.0
fildp.fr,,3042.0,,,15345.0,,,18387.0
TERRE DAUPHINOISE,,,,4388.0,4602.0,4481.0,4687.0,18158.0
Le Betteravier français / Lebetteravier.fr,,,,,18117.0,,,18117.0
legeneraliste.fr,,,11753.0,,,,6300.0,18053.0
UP LE MAG QUI INSPIRE LE QUOTIDIEN,,,,8717.0,9330.0,,,18047.0
quotidien-libre.fr,,,18000.0,,,,,18000.0
PAYS,,,,,,,18000.0,18000.0
LOIRE ATLANTIQUE AGRICOLE / loire-atlantique-agricole.fr,,,,,,,17905.0,17905.0
L'IMPARTIAL DE LA DROME / limpartial.fr,,,,,17733.0,,,17733.0
LA VIE CHARENTAISE,,,,4349.0,4309.0,4507.0,4502.0,17667.0
LE JOURNAL DU PAYS BRIARD / lepaysbriard.fr,,17568.0,,,,,,17568.0
LA GAZETTE DE LA HAUTE LOIRE,4998.0,4744.0,4018.0,3722.0,,,,17482.0
TOUTES LES NOUVELLES - Versailles et sa région,,,,,,,17426.0,17426.0
L'ACTU / lactu.fr,,,,,17409.0,,,17409.0
ville-rail-transports.com,,17379.0,,,,,,17379.0
LE DEMOCRATE DE L'AISNE,,,,4093.0,4144.0,4403.0,4590.0,17230.0
LA TERRE DE CHEZ NOUS,,,,3654.0,3653.0,4866.0,5041.0,17214.0
Revue-experts.com,17208.0,,,,,,,17208.0
LE CHEF,,,,17145.0,,,,17145.0
LA GAZETTE DU VAL D'OISE / gazettevaldoise.fr,,17091.0,,,,,,17091.0
LE COURRIER DES YVELINES / courrierdesyvelines.fr,,17083.0,,,,,,17083.0
LE REVEIL - Vivarais,17008.0,,,,,,,17008.0
miroirsocial.com,,,,17007.0,,,,17007.0
makery.info,16958.0,,,,,,,16958.0
business-digest.eu,,,,,,16903.0,,16903.0
LES NOUVELLES - L'Echo Fléchois,6474.0,,,,5355.0,,4989.0,16818.0
EURE INFOS,4087.0,,,3431.0,3215.0,2998.0,3043.0,16774.0
Finance-gestion.com,,,,,16723.0,,,16723.0
L'INFORMATEUR,,,5593.0,5528.0,5502.0,,,16623.0
LE REGIONAL DE COSNE,5683.0,5784.0,5081.0,,,,,16548.0
LES NOUVELLES L'ECHO FLECHOIS,,5289.0,5385.0,5448.0,,,,16122.0
LE REPUBLICAIN ESSONNE,,,4558.0,4078.0,3653.0,3827.0,,16116.0
lepetitreporterdu73.com,,,,,,,16000.0,16000.0
L'ECLAIREUR DU GATINAIS ET DU CENTRE     -     Le mag,,,,,15874.0,,,15874.0
L'AGEFI ACTIFS,,,,15805.0,,,,15805.0
education.newstank.fr,,,,11104.0,4694.0,,,15798.0
football.newstank.eu,,,,11104.0,4694.0,,,15798.0
hebdodesag.fr (newsletter),,,,,,,15635.0,15635.0
INDEPENDANT DU PAS DE CALAIS,,15625.0,,,,,,15625.0
LE REVEIL -  Vivarais-Vallée du Rhône-Pilat,,15591.0,,,,,,15591.0
LES ALPES MANCELLES,2440.0,,2416.0,2571.0,2707.0,2881.0,2534.0,15549.0
ROLLING STONE,,,,15483.0,,,,15483.0
journaldesinfirmiers.fr,,,,,,,15273.0,15273.0
L'ESSOR AFFICHES DE LA LOIRE,,15209.0,,,,,,15209.0
L'HEBDO DU FINISTERE,2440.0,2190.0,2416.0,2571.0,2707.0,2881.0,,15205.0
L'ECHO SARTHOIS,2440.0,2190.0,2416.0,2571.0,2707.0,2881.0,,15205.0
LE JTT - JOURNAL TOURNON TAIN,,,,3654.0,3653.0,3827.0,4045.0,15179.0
JOURNAL DE HAM,,,,3654.0,3653.0,3827.0,4045.0,15179.0
Sans-transition-magazine.info,,15161.0,,,,,,15161.0
Information-dentaire.fr,,15149.0,,,,,,15149.0
montélimar-news.fr,,15000.0,,,,,,15000.0
L'HEBDO DES SAVOIE,3674.0,3866.0,3671.0,,3653.0,,,14864.0
L'ECHO DE LA PRESQU'ILE GUERANDAISE ET DE ST-NAZAIRE,14835.0,,,,,,,14835.0
LE MENSUEL DE RENNES,,,2891.0,2825.0,2831.0,2913.0,3367.0,14827.0
L'AVENIR LE CONFOLENTAIS,,,3671.0,3654.0,3653.0,3827.0,,14805.0
L'ECLAIREUR LA DEPECHE,,,,3645.0,3582.0,3572.0,3962.0,14761.0
LA REVUE DU PRATICIEN/ larevuedupraticien.fr,14654.0,,,,,,,14654.0
LE JOURNAL DU BUGEY,3674.0,,3671.0,3654.0,3653.0,,,14652.0
LA LIBERTE - Le Bonhomme libre,14611.0,,,,,,,14611.0
linfodurable.fr,,,,,14605.0,,,14605.0
cotetoulouse.fr,,14592.0,,,,,,14592.0
normandie-actu.fr,,14592.0,,,,,,14592.0
"Paysan Breton, Paysan-breton.fr",,,,,14520.0,,,14520.0
L'AVENIR DE L'ARTOIS - Toutes éditions,,,,,,,14384.0,14384.0
Le Ravi / Leravi.org,,,,,14169.0,,,14169.0
LIBERTE DIMANCHE DE ROUEN,12264.0,,,1854.0,,,,14118.0
L'ESSOR AFFICHES / ESSOR DE L'ISERE / ESSOR DU RHONE,14107.0,,,,,,,14107.0
CHARLES,2608.0,3501.0,3811.0,3893.0,,,,13813.0
espaceinfirmier.fr,,,13805.0,,,,,13805.0
editionscdp.fr,,,13805.0,,,,,13805.0
directmatin.fr,13770.0,,,,,,,13770.0
NORMANDIE LIBERTE DIMANCHE,,,13741.0,,,,,13741.0
LA REPUBLIQUE DE SEINE ET MARNE - Toutes éditions,,,,,,,13711.0,13711.0
VIENNE RURALE,,,,4730.0,4376.0,4589.0,,13695.0
L’INDICATEUR DES FLANDRES,,13403.0,,,,,,13403.0
lesfrancais.press,,,,,,13284.0,,13284.0
LE BETTERAVIER Français / lebetteravier.fr,,,,,,,13275.0,13275.0
LE BONHOMME PICARD - Toutes éditions,,,,,,,13269.0,13269.0
INDICATEUR DES FLANDRES ET DE LA VALLEE DE LA LYS,,,,,,,13259.0,13259.0
LA HAUTE GIRONDE,6600.0,6528.0,,,,,,13128.0
L’ECHO DE LA LYS,,13084.0,,,,,,13084.0
newstankdigital.fr,,,,12954.0,,,,12954.0
LA VOIX DU MIDI – toutes éditions,,12927.0,,,,,,12927.0
L'ACTION FRANCAISE 2000,3882.0,4661.0,4286.0,,,,,12829.0
LA QUINZAINE LITTERAIRE,12658.0,,,,,,,12658.0
TOUTES LES NOUVELLES,,3947.0,4293.0,4366.0,,,,12606.0
AGRI 53 / agri53.fr,,,,,,12443.0,,12443.0
HEBDO DES SAVOIE,,,,3654.0,,3827.0,4945.0,12426.0
L'INFORMATEUR - Eu-Le Tréport-Mers,6631.0,,,,,,5676.0,12307.0
L'ECHO DE LA PRESQU'ILE GUERANDAISE,,12306.0,,,,,,12306.0
L'ACTU,,3330.0,3071.0,,,2985.0,2876.0,12262.0
CLARA MAGAZINE,,2560.0,2353.0,2529.0,2471.0,2301.0,,12214.0
LE REGIONAL,,,6434.0,5771.0,,,,12205.0
madeinperpignan.com,,,12000.0,,,,,12000.0
LE PEUPLE BRETON - POBL VREIZH,,,,2825.0,2831.0,2913.0,3367.0,11936.0
LA DEPECHE - Evreux  -  Louviers - Verneuil,11903.0,,,,,,,11903.0
ROLLING STONE - rollingstone.fr,,,,,,,11861.0,11861.0
LA LIBERTE LE BONHOMME LIBRE,,,11801.0,,,,,11801.0
LE REVEIL Vivarais-Vallée du Rhône-Pilat,,,,11795.0,,,,11795.0
LIBERTE      -     Le bonhomme libre,,,,11692.0,,,,11692.0
La Tribune Fonda / Fonda.asso.fr,,,,,11636.0,,,11636.0
L'AMI DU PEUPLE HEBDO / AMI DES FOYERS CHRETIENS,11581.0,,,,,,,11581.0
L’AMI DU PEUPLE HEBDO / L’AMI DES FOYERS CHRETIENS,,11549.0,,,,,,11549.0
DROME HEBDO PEUPLE LIBRE,,,,3654.0,,3827.0,4045.0,11526.0
TERRES ET TERRITOIRES,,,,3654.0,,3827.0,4045.0,11526.0
LES AFFICHES DE GRENOBLE ET DU DAUPHINE,,,,,3653.0,3827.0,4045.0,11525.0
LE MENSUEL DU MORBIHAN,,,2891.0,2825.0,2831.0,2913.0,,11460.0
edimark.fr,,,,,,11458.0,,11458.0
LIBERTE DIMANCHE PARIS NORMANDIE,,11424.0,,,,,,11424.0
SETMANA,4178.0,4313.0,2891.0,,,,,11382.0
ZIBELINE / journalzibeline.fr,,,,,,11375.0,,11375.0
LIBERTE - Le bonhomme libre,,,,,11312.0,,,11312.0
LES DOSSIERS D'ALTERNATIVES ECONOMIQUES,,,,5973.0,5243.0,,,11216.0
L'ECHO CHARITOIS,3674.0,3866.0,3671.0,,,,,11211.0
LE JOURNAL DE HAM,3674.0,3866.0,3671.0,,,,,11211.0
HAUT ANJOU  -  Haut Anjou Actu.fr,,,,,,,11183.0,11183.0
LA CONCORDE,,,,3654.0,3653.0,3827.0,,11134.0
LE NOUVELLISTE,,,,3654.0,3653.0,3827.0,,11134.0
L'ECLAIREUR VIMEU,,3723.0,3705.0,3652.0,,,,11080.0
YA !,,,3671.0,3654.0,3653.0,,,10978.0
LE CRESTOIS,,,3671.0,3654.0,3653.0,,,10978.0
LE REGIONAL - L'hebdo du pays Salonais,,,,,5779.0,,5068.0,10847.0
L'ECLAIREUR CHATEAUBRIAND,,,5339.0,5483.0,,,,10822.0
latribunedelart.com,,,10800.0,,,,,10800.0
LE SILLON,,,,,,,10670.0,10670.0
L'INCORRECT,,,,,,,10593.0,10593.0
SO GOOD,,,,,,,10548.0,10548.0
L'ECLAIREUR - Chateaubriant et sa région,,,,,5366.0,,5150.0,10516.0
LE BULLETIN D'ESPALION,2940.0,3866.0,3671.0,,,,,10477.0
LE REVEIL - VIVARAIS-VALLEE DU RHONE-PILAT,,,,,,10391.0,,10391.0
L'ESSOR SAVOYARD 74 / 73,,10346.0,,,,,,10346.0
mediatico.fr,,,10339.0,,,,,10339.0
LA DEPECHE - Evreux - Louviers - Verneuil,,,10320.0,,,,,10320.0
filfax.com,,,,10281.0,,,,10281.0
L'ESSOR SAVOYARD 73 - L'ESSOR SAVOYARD 74,,,,,,,10189.0,10189.0
FEMMES ICI ET AILLEURS,,,,,,3897.0,6288.0,10185.0
revue-ophtalmologie-française.fr,,,,,,,10173.0,10173.0
TERRAs,,,,,10133.0,,,10133.0
LA HAUTE SAINTONGE,10044.0,,,,,,,10044.0
L'ESSOR SAVOYARD 74 -73,9995.0,,,,,,,9995.0
LES SABLES - VENDEE JOURNAL,,,,,,9992.0,,9992.0
beauxarts.com,,,,,,9909.0,,9909.0
L'EST AGRICOLE ET VITICOLE / est-agricole.com,9901.0,,,,,,,9901.0
L'ACTION REPUBLICAINE,,2190.0,2416.0,2571.0,2707.0,,,9884.0
L'ESSOR SAVOYARD 73 / L'ESSOR SAVOYARD 74,,,,,,9717.0,,9717.0
FRANCE GUYANE / franceguyane.fr,,,,,,9643.0,,9643.0
LA DEPECHE – Evreux – Louviers – Verneuil,,9627.0,,,,,,9627.0
L'ESSOR AFFICHES - Toutes éditions,,,,,,,9622.0,9622.0
Le JOURNAL DU MEDOC,,,,4597.0,,,5001.0,9598.0
LA DEPECHE D'EVREUX - Toutes éditions,,,,,,,9544.0,9544.0
LE JOURNAL DU SUD VIENNE,,,,3654.0,2831.0,2913.0,,9398.0
LA GAZETTE     -     L'hebdo de Thiers et sa région,,,4877.0,4513.0,,,,9390.0
PHR PAYSAN DU HAUT RHIN / phr.fr,9198.0,,,,,,,9198.0
L’INDÉPENDANT DU LOUHANNAIS ET DU JURA,,9178.0,,,,,,9178.0
SILENCE - Ecologie Alternatives Non violence,,,,,9168.0,,,9168.0
L'ESSOR SAVOYARD 73 & 74,,,,,9154.0,,,9154.0
ELEPHANT JUNIOR,,,,,,,9137.0,9137.0
ELEMENTS,,,,,,,9123.0,9123.0
LA VIENNE RURALE,,,5042.0,,,,4045.0,9087.0
information-dentaire.fr,,,,,9019.0,,,9019.0
LE REPUBLICAIN  MARMANDE,,,,8924.0,,,,8924.0
LE REPUBLICAIN - MARMANDE,,,,,,8916.0,,8916.0
SILENCE - ECOLOGIE ALTERNATIVES NON VIOLENCE,,,,,,8858.0,,8858.0
L'OPINION / lopinion.fr,8832.0,,,,,,,8832.0
LIBERTE-HEBDO,,,,,,4779.0,4045.0,8824.0
LE COURRIER LIBERTE,,,4432.0,4345.0,,,,8777.0
L'ECLAIREUR BRAYON,2581.0,2190.0,3974.0,,,,,8745.0
ALTERNATIVES INTERNATIONALES,8706.0,,,,,,,8706.0
LE PETIT COURRIER DU VAL DE LOIR,4766.0,3911.0,,,,,,8677.0
LAVOIX DE L'AIN,,,8647.0,,,,,8647.0
interentreprises.com,,,,,,8452.0,,8452.0
Albert,,,,,,,8352.0,8352.0
LE REPUBLICAIN MARMANDE,,,8329.0,,,,,8329.0
LA GAZETTE - L'hebdo de Thiers et sa région,,,,,4212.0,,4045.0,8257.0
ECO SAVOIE MONT BLANC EDITION 73 / EDITION 74,,,,,,,8090.0,8090.0
ernestmag.fr,,,8000.0,,,,,8000.0
LIBERTE HEBDO,,,,4328.0,3653.0,,,7981.0
lavie.fr,7926.0,,,,,,,7926.0
Lequotidiendupharmacien.fr,,,7882.0,,,,,7882.0
marsactu.fr,,7848.0,,,,,,7848.0
ECO NORD ISERE,,,,,3653.0,4134.0,,7787.0
REPUBLICAIN – Marmande,,7775.0,,,,,,7775.0
YA ! - Ur gazetenn sizhuniek e brezhoneg,3674.0,,,,,,4045.0,7719.0
ECO SAVOIE MONT BLANC (EDITION 73 / EDITION 74),,,,,,7654.0,,7654.0
LA DROME HEBDO,,3866.0,3671.0,,,,,7537.0
LE JOURNAL TOURNON TAIN,3674.0,,3671.0,,,,,7345.0
LA DROME HEBDO PEUPLE LIBRE,3674.0,,,,3653.0,,,7327.0
L'HEBDO     -     Rodez,,,3671.0,3654.0,,,,7325.0
UP LE MAG,,,7252.0,,,,,7252.0
L'ECLAIREUR - Vimeu Trois villes soeurs Vallée de la Bresle,,,,,3481.0,,3687.0,7168.0
L’OBSERVATEUR DE BEAUVAIS,,7143.0,,,,,,7143.0
LE PATRIOTE BEAUJOLAIS,7081.0,,,,,,,7081.0
LE PATRIOTE BEAUJOLAIS – VAL DE SAÔNE,,6783.0,,,,,,6783.0
SILENCE - Ecologie Alternatives Non violente,,,,,,,6687.0,6687.0
LE PERCHE - Orne-Sarthe-Eure et Loir,,,,,6680.0,,,6680.0
UNION ET TERRITOIRES,,,,,,1320.0,5320.0,6640.0
L'EURE INFOS,,3347.0,3272.0,,,,,6619.0
LE PERCHE  -  Orne-Sarthe-Eure et Loir,,,,,,,6565.0,6565.0
LE PERCHE - ORNE-SARTHE-EURE ET LOIR,,,,,,6551.0,,6551.0
toutelaculture.com,,,,,6525.0,,,6525.0
conspiracywatch.info,,,,,,,6429.0,6429.0
LE REVEIL NORMAND - Toutes editions,,,,,,,6407.0,6407.0
LA CROIX DU MIDI / VOIX DU GERS / VILLEFRANCHOIS…,6382.0,,,,,,,6382.0
HEBDI,,,,,,2913.0,3367.0,6280.0
PLACE PUBLIQUE NANTES-SAINT NAZAIRE,,,,,,2913.0,3367.0,6280.0
LE REGIONAL - L'HEBDO DU PAYS SALONAIS,,,,,,6248.0,,6248.0
DEMOCRATE INDEPENDANT,,,6195.0,,,,,6195.0
L'ECHO D'ANCENIS ET DU VIGNOBLE  -  Actu.fr/l-echo-d-ancenis/,,,,,,,6059.0,6059.0
apressi.re,,,,,,6000.0,,6000.0
up-inspirer.fr,,5890.0,,,,,,5890.0
LA GAZETTE -Thiers,5880.0,,,,,,,5880.0
L'ECLAIREUR - Chateaubriant,5784.0,,,,,,,5784.0
LA GAZETTE  -  L'hebdo de Thiers et sa région,,5705.0,,,,,,5705.0
PLACE PUBLIQUE NANTES SAINT NAZAIRE,,,,2825.0,2831.0,,,5656.0
LIBERTE-HEBDO DE LILLE,,5606.0,,,,,,5606.0
L'INFORMATEUR D'EU,,5541.0,,,,,,5541.0
LE JOURNAL DU PAYS GESSIEN,,5538.0,,,,,,5538.0
L'INFORMATEUR - EU-LE TREPORT-MERS,,,,,,5517.0,,5517.0
lepetitjournal.net,,,,,5493.0,,,5493.0
cities.newstank.fr,,,,,5476.0,,,5476.0
rh.newstank.fr,,,,,5476.0,,,5476.0
LE REGIONAL DU PAYS SALONAIS,,5384.0,,,,,,5384.0
LES AFFICHES DE LA HAUTE-SAÔNE,,5384.0,,,,,,5384.0
LE REPUBLICAIN ESSONE,,5366.0,,,,,,5366.0
L'ECLAIREUR - CHATEAUBRIANT ET SA REGION,,,,,,5309.0,,5309.0
rue89Lyon.fr,,,,,,,5306.0,5306.0
LES NOUVELLES - L'ECHO FLECHOIS,,,,,,5295.0,,5295.0
LES PAYSANS DE LA LOIRE,,,5210.0,,,,,5210.0
POHER,,,5193.0,,,,,5193.0
LA REVUE PROJET,,2356.0,2814.0,,,,,5170.0
ACTU NC / actu.nc,,,,,,5167.0,,5167.0
L'ECLAIREUR CHATEAUBRIANT,,5102.0,,,,,,5102.0
VAR INFORMATION,,,,,,,5058.0,5058.0
TOUTES LES NOUVELLES - Versailles,5052.0,,,,,,,5052.0
novastan.org,,,,,,5040.0,,5040.0
LE REGIONAL - Pays Salonais,4978.0,,,,,,,4978.0
L’HEBDO – RODEZ,,4931.0,,,,,,4931.0
KEZAKO MUNDI,,,,,,1579.0,3301.0,4880.0
LA TERRE DAUPHINOISE,,,4879.0,,,,,4879.0
VILLAGE,,,,,,,4857.0,4857.0
aerobuzz.fr,,4851.0,,,,,,4851.0
rfgenealogie.com,,,,,4815.0,,,4815.0
ECHO d'ILE DE FRANCE,,,,,,,4807.0,4807.0
L'ECLAIREUR - Vimeu,4732.0,,,,,,,4732.0
LA DEPECHE DU PAYS DE BRAY,2440.0,2190.0,,,,,,4630.0
LE RENOUVEAU - Haute-Loire,4589.0,,,,,,,4589.0
labecedaire.fr,4548.0,,,,,,,4548.0
LA TRIBUNE DE VIENNE ET DE L'ISERE,4536.0,,,,,,,4536.0
LE PETIT BLEU DES COTES D’ARMOR,,4533.0,,,,,,4533.0
ALTERNATIVE LIBERTAIRE,,,,1500.0,1501.0,1501.0,,4502.0
PETIT BLEU DES COTES D'ARMOR,,,4497.0,,,,,4497.0
FRANCE ANTILLES GUADELOUPE,1031.0,1371.0,791.0,663.0,516.0,,,4372.0
metropolitiques.eu,,,,,4320.0,,,4320.0
LE TRAVAILLEUR  CATALAN,,4317.0,,,,,,4317.0
DEMOCRATE VERNONNAIS,,,4229.0,,,,,4229.0
L'HEBDO DE CHARENTE-MARITIME,,4199.0,,,,,,4199.0
LA VOIX – LE BOCAGE,,4190.0,,,,,,4190.0
TOUTES LES NOUVELLES  - Versailles et sa région,,,,,4145.0,,,4145.0
dechets-infos.com,1215.0,,,2850.0,,,,4065.0
factuel.info,,,,,,4050.0,,4050.0
L'HEBDO,,,,,,,4045.0,4045.0
LA VIE NOUVELLE - Les affiches de Savoie,,,,,,,4045.0,4045.0
L'IMPARTIAL DE LA DROME - et suppléments,,,,,,,4045.0,4045.0
LE REPUBLICAIN ESSONNE - Toutes éditions,,,,,,,4045.0,4045.0
LE REPUBLICAIN D’UZES ET DU GARD,,4031.0,,,,,,4031.0
LA GAZETTE - L'HEBDO DE THIERS ET SA REGION,,,,,,3988.0,,3988.0
lalettredegalilee.fr,,,,3960.0,,,,3960.0
transrural-initiatives.org,,,,3954.0,,,,3954.0
mondafrique.com,3900.0,,,,,,,3900.0
OBJECTIF LANGUEDOC ROUSSILLON,,1000.0,2891.0,,,,,3891.0
LE JOURNAL DE BUGEY,,3866.0,,,,,,3866.0
LA HAUTE PROVENCE INFO,,3866.0,,,,,,3866.0
YA !,,3866.0,,,,,,3866.0
LA TRIBUNE REPUBLICAINE DE BELLEGARDE,,3866.0,,,,,,3866.0
LA SEMAINE METZ-THIONVILLE-MOSELLE,,3866.0,,,,,,3866.0
LE CRESTOIS - JOURNAL DE LA VALLEE,,3866.0,,,,,,3866.0
LE JOURNAL DE TOURNON – TAIN,,3866.0,,,,,,3866.0
VAUCLUSE HEBDO,,3866.0,,,,,,3866.0
PENTHIEVRE,,,3842.0,,,,,3842.0
L'HEBDO - RODEZ,,,,,,3827.0,,3827.0
YA ! - UR GAZETENN SIZHUNIEK E BRESHONEG,,,,,,3827.0,,3827.0
LA VIE NOUVELLE - LES AFFICHES DE SAVOIE,,,,,,3827.0,,3827.0
L'ACTION REPUBLICAINE - Nogent,,,,,,,3807.0,3807.0
L'HEBDO  -  Rodez,3674.0,,,,,,,3674.0
LES NOUVELLES SEMAINE,3674.0,,,,,,,3674.0
L'HEBDO LE COMTADIN,3674.0,,,,,,,3674.0
TERRE DE CHEZ NOUS,,,3671.0,,,,,3671.0
LE JOURNAL DU SUD-VIENNE,,,3671.0,,,,,3671.0
CONCORDE,,,3671.0,,,,,3671.0
LE NOUVELLISTE BOURGANEUF,,,3671.0,,,,,3671.0
L' HEBDO - Rodez,,,,,3653.0,,,3653.0
LA VIE NOUVELLE  - Les affiches de Savoie,,,,,3653.0,,,3653.0
TRIBUNE DE LYON,,,,,3653.0,,,3653.0
L'ECOLOGISTE,,,,3615.0,,0.0,,3615.0
www.journalzibeline.fr,3592.0,,,,,,,3592.0
LE COURRIER DES YVELINES - St Germain,3522.0,,,,,,,3522.0
ZELIUM,,,3518.0,,,,,3518.0
LEPONTIVY JOURNAL,,,,,,,3503.0,3503.0
MUNDI KEZAKO,,,,1500.0,1930.0,,,3430.0
L'ECLAIREUR - VIMEU TROIS VILLES SŒURS VALLEE DE LA BRESLE,,,,,,3399.0,,3399.0
chine-magazine.com,,,3309.0,,,,,3309.0
LE PEUPLE BRETON,,,2891.0,,,,,2891.0
L'ACTION REPUBLICAINE - NOGENT,,,,,,2881.0,,2881.0
HEB'DI,,,,,2831.0,,,2831.0
LA SETMANA,,,,2825.0,,,,2825.0
beauxart.com,,,,,,,2597.0,2597.0
LA VOIX DU MIDI - Toutes éditions,,,,,,,2534.0,2534.0
LA VIE QUERCYNOISE,,,,,,,2534.0,2534.0
VOIX DU CANTAL,,,,,,,2534.0,2534.0
L'HEBDO DU FINISTERE - Toutes éditions,,,,,,,2534.0,2534.0
LE PROGRES SOCIAL,,,,,,0.0,2517.0,2517.0
L'ACTION REPUBLICAINE - Dreux,2440.0,,,,,,,2440.0
loeildelexile.org,,,2433.0,,,,,2433.0
echodumardi.com,,,,,,2424.0,,2424.0
LES ALPES MANCELLES LIBEREES,,2190.0,,,,,,2190.0
L'ECHO LE REGIONAL D'ENGHIEN,,2190.0,,,,,,2190.0
Clara Magazine,,,,,,,2149.0,2149.0
Alternative libertaire,,,,,,,1898.0,1898.0
LA LIBERTE DIMANCHE DE ROUEN,,,1811.0,,,,,1811.0
FRUSTRATION,,,,1716.0,,,,1716.0
RECYCLAGE RECUPERATION / recyclage-recuperation.fr,,,,,,,1575.0,1575.0
LE JOURNAL DE L'INSOUMISSION,,,,,,1501.0,,1501.0
PROJET,1500.0,,,,,,,1500.0
KEZAKO,,,1500.0,,,,,1500.0
L'ECO DE L'AIN,,,,,,,1162.0,1162.0
FRANCE ANTILLES GUADELOUPE / guadeloupe.franceantilles.fr,,,,,,568.0,,568.0
LA CROIX HEBDO,,,,,,0.0,,0.0
BIG TIME,,,,,,0.0,,0.0
flash infos mayotte - newsletter,,,,,,0.0,,0.0
BOOKS,,,,,,0.0,,0.0
FUTURIBLES,,,,,,0.0,,0.0
lejournaldemayotte.yt,,,,,,0.0,,0.0
CHALLENGES,,,,,,0.0,,0.0
AFRIQUE MAGAZINE,,,,,,0.0,,0.0
ipreunion.com,,,,,,0.0,,0.0
zinfos974.com,,,,,,0.0,,0.0
linfokwezi.fr,,,,,,0.0,,0.0
COMMENTAIRE,,,,,,0.0,,0.0
